feature_name,rule,rate_2008,rate_2009,rate_2010,rate_2011,rate_2012,rate_2013,rate_2014,rate_2015,rate_2016,rate_2017,rate_2018,rate_2019,rate_2021,rate_2022,rate_2023,rate_2024,rate_2025,rate_2026,target_window_rate,target_window_years,threshold,cut
adj_off_eff,non_zero,1.0,1.0,1.0,1.0,1.0,1.0,1.0,1.0,1.0,1.0,1.0,1.0,1.0,1.0,1.0,1.0,1.0,1.0,1.0,14,0.8,KEEP
adj_def_eff,non_zero,1.0,1.0,1.0,1.0,1.0,1.0,1.0,1.0,1.0,1.0,1.0,1.0,1.0,1.0,1.0,1.0,1.0,1.0,1.0,14,0.8,KEEP
adj_tempo,non_zero,1.0,1.0,1.0,1.0,1.0,1.0,1.0,1.0,1.0,1.0,1.0,1.0,1.0,1.0,1.0,1.0,1.0,1.0,1.0,14,0.8,KEEP
efg_pct,non_zero,1.0,1.0,1.0,1.0,1.0,1.0,1.0,1.0,1.0,1.0,1.0,1.0,1.0,1.0,1.0,1.0,1.0,1.0,1.0,14,0.8,KEEP
to_rate,non_zero,1.0,1.0,1.0,1.0,1.0,1.0,1.0,1.0,1.0,1.0,1.0,1.0,1.0,1.0,1.0,1.0,1.0,1.0,1.0,14,0.8,KEEP
orb_rate,non_zero,1.0,1.0,1.0,1.0,1.0,1.0,1.0,1.0,1.0,1.0,1.0,1.0,1.0,1.0,1.0,1.0,1.0,1.0,1.0,14,0.8,KEEP
ft_rate,non_zero,1.0,1.0,0.9921,1.0,1.0,1.0,1.0,1.0,1.0,1.0,1.0,1.0,1.0,1.0,1.0,1.0,1.0,1.0,1.0,14,0.8,KEEP
opp_efg_pct,non_zero,1.0,1.0,1.0,1.0,1.0,1.0,1.0,1.0,1.0,1.0,1.0,1.0,1.0,1.0,1.0,1.0,1.0,1.0,1.0,14,0.8,KEEP
opp_to_rate,non_zero,1.0,1.0,1.0,1.0,1.0,1.0,1.0,1.0,1.0,1.0,1.0,1.0,1.0,1.0,1.0,1.0,1.0,1.0,1.0,14,0.8,KEEP
drb_rate,non_zero,1.0,1.0,1.0,1.0,1.0,1.0,1.0,1.0,1.0,1.0,1.0,1.0,1.0,1.0,1.0,1.0,1.0,1.0,1.0,14,0.8,KEEP
opp_ft_rate,non_zero,1.0,1.0,1.0,1.0,1.0,1.0,1.0,1.0,1.0,1.0,1.0,1.0,1.0,1.0,1.0,1.0,1.0,1.0,1.0,14,0.8,KEEP
total_rapm,non_zero,0.9008,0.9573,0.8898,0.937,0.9344,0.8871,0.9008,0.8741,0.8582,0.9091,0.8855,0.8906,0.9339,0.9187,0.9032,0.8931,0.8657,0.8828,0.8955,14,0.8,KEEP
top5_rapm,non_zero,0.9008,0.9573,0.8898,0.937,0.9344,0.8871,0.8931,0.8741,0.8507,0.9091,0.8855,0.8906,0.9339,0.9187,0.9032,0.8931,0.8657,0.8828,0.8944,14,0.8,KEEP
bench_rapm,non_zero,0.8264,0.9231,0.811,0.8425,0.877,0.7984,0.8397,0.7926,0.8209,0.9008,0.8626,0.8594,0.8099,0.8537,0.879,0.8626,0.8284,0.8594,0.846,14,0.8,KEEP
total_warp,non_zero,0.9008,0.9573,0.8898,0.937,0.9344,0.8871,0.8931,0.8741,0.8507,0.9091,0.8855,0.8906,0.9339,0.9106,0.9032,0.8931,0.8582,0.875,0.8928,14,0.8,KEEP
roster_continuity,non_zero,1.0,1.0,1.0,1.0,1.0,1.0,1.0,1.0,0.9701,1.0,1.0,1.0,1.0,1.0,1.0,1.0,1.0,1.0,0.9979,14,0.8,KEEP
transfer_impact,non_zero,0.0,0.0,0.0,0.0,0.0,0.0,0.0,0.0,0.0,0.0,0.0,0.0,0.0,0.0,0.0,0.0,0.0,0.0,0.0,14,0.8,CUT
avg_experience,non_zero,0.9752,0.9915,0.9921,0.9685,0.9918,1.0,0.9924,0.9926,0.9627,0.9917,0.9771,0.9844,0.9835,0.9919,0.9919,0.9771,0.9776,0.9844,0.9856,14,0.8,KEEP
bench_depth,non_zero,1.0,0.9658,0.8898,0.9449,0.9344,0.8952,1.0,1.0,0.9701,1.0,1.0,0.9922,1.0,1.0,1.0,1.0,1.0,1.0,0.9851,14,0.8,KEEP
injury_risk,non_zero,0.0,0.0,0.0,0.0,0.0,0.0,0.0,0.0,0.0,0.0,0.0,0.0,0.0,0.0,0.0,0.0,0.0,0.0,0.0,14,0.8,CUT
lead_volatility,non_zero,0.0,0.0,0.0,0.0,0.0,0.0,0.0,0.0,0.0,0.0,0.0,0.0,0.0,0.0,0.0,0.0,0.0,0.0,0.0,14,0.8,CUT
entropy,non_zero,0.0,0.0,0.0,0.0,0.0,0.0,0.0,0.0,0.0,0.0,0.0,0.0,0.0,0.0,0.0,0.0,0.0,0.0,0.0,14,0.8,CUT
lead_sustainability,non_zero,0.0,0.0,0.0,0.0,0.0,0.0,0.0,0.0,0.0,0.0,0.0,0.0,0.0,0.0,0.0,0.0,0.0,0.0,0.0,14,0.8,CUT
comeback_factor,non_zero,0.0,0.0,0.0,0.0,0.0,0.0,0.0,0.0,0.0,0.0,0.0,0.0,0.0,0.0,0.0,0.0,0.0,0.0,0.0,14,0.8,CUT
xp_per_poss,non_zero,1.0,1.0,1.0,1.0,1.0,1.0,1.0,1.0,1.0,1.0,1.0,1.0,1.0,1.0,1.0,1.0,1.0,1.0,1.0,14,0.8,KEEP
shot_distribution,non_zero,1.0,1.0,1.0,1.0,1.0,1.0,1.0,1.0,1.0,1.0,1.0,1.0,1.0,1.0,1.0,1.0,1.0,1.0,1.0,14,0.8,KEEP
sos_adj_em,non_zero,1.0,1.0,1.0,1.0,1.0,1.0,1.0,1.0,1.0,1.0,1.0,1.0,1.0,1.0,1.0,1.0,1.0,1.0,1.0,14,0.8,KEEP
sos_opp_o,non_zero,1.0,1.0,1.0,1.0,1.0,1.0,1.0,1.0,1.0,1.0,1.0,1.0,1.0,1.0,1.0,1.0,1.0,1.0,1.0,14,0.8,KEEP
sos_opp_d,non_zero,1.0,1.0,1.0,1.0,1.0,1.0,1.0,1.0,1.0,1.0,1.0,1.0,1.0,1.0,1.0,1.0,1.0,1.0,1.0,14,0.8,KEEP
ncsos_adj_em,non_zero,1.0,1.0,1.0,1.0,1.0,1.0,1.0,1.0,1.0,1.0,1.0,1.0,1.0,1.0,1.0,1.0,1.0,1.0,1.0,14,0.8,KEEP
luck,non_zero,0.8843,0.9573,0.8898,0.937,0.9262,0.8871,0.8779,0.8667,0.8657,0.8595,0.8092,0.8672,0.8926,0.8943,0.8629,0.8244,0.8358,0.8594,0.8664,14,0.8,KEEP
sor,non_zero,0.6364,0.0598,0.1575,0.1496,0.1885,0.1935,0.5496,0.5259,0.6045,0.4959,0.5038,0.4062,0.6942,0.4146,0.5242,0.3282,0.2239,0.2344,0.4205,14,0.8,CUT
wab_poisson,non_zero,1.0,1.0,1.0,1.0,1.0,1.0,1.0,1.0,1.0,1.0,1.0,1.0,1.0,1.0,1.0,1.0,1.0,1.0,1.0,14,0.8,KEEP
momentum,non_zero,0.8843,0.9573,0.8898,0.937,0.9262,0.8871,0.8779,0.8667,0.8657,0.876,0.8168,0.8672,0.8926,0.8943,0.8871,0.8244,0.8358,0.8594,0.8698,14,0.8,KEEP
three_pt_variance,non_zero,1.0,1.0,1.0,1.0,1.0,1.0,1.0,1.0,1.0,1.0,1.0,1.0,1.0,1.0,1.0,1.0,1.0,1.0,1.0,14,0.8,KEEP
pace_adj_variance,non_zero,1.0,1.0,1.0,1.0,1.0,1.0,1.0,1.0,1.0,1.0,1.0,1.0,1.0,1.0,1.0,1.0,1.0,1.0,1.0,14,0.8,KEEP
elo_rating,non_zero,1.0,1.0,1.0,1.0,1.0,1.0,1.0,1.0,1.0,1.0,1.0,1.0,1.0,1.0,1.0,1.0,1.0,1.0,1.0,14,0.8,KEEP
free_throw_pct,non_zero,0.0,0.0,0.0,0.0,0.0,0.0,0.0,0.0,0.0,0.0,0.0,0.0,0.0,0.0,0.0,0.0,0.0,0.0,0.0,14,0.8,CUT
assist_to_turnover,non_zero,0.0,0.0,0.0,0.0,0.0,0.0,0.0,0.0,0.0,0.0,0.0,0.0,0.0,0.0,0.0,0.0,0.0,0.0,0.0,14,0.8,CUT
assist_rate,non_zero,0.0,0.0,0.0,0.0,0.0,0.0,0.0,0.0,0.0,0.0,0.0,0.0,0.0,0.0,0.0,0.0,0.0,0.0,0.0,14,0.8,CUT
steal_rate,non_zero,0.0,0.0,0.0,0.0,0.0,0.0,0.0,0.0,0.0,0.0,0.0,0.0,0.0,0.0,0.0,0.0,0.0,0.0,0.0,14,0.8,CUT
block_rate,non_zero,0.0,0.0,0.0,0.0,0.0,0.0,0.0,0.0,0.0,0.0,0.0,0.0,0.0,0.0,0.0,0.0,0.0,0.0,0.0,14,0.8,CUT
opp_two_pt_pct_allowed,non_zero,1.0,1.0,1.0,1.0,1.0,1.0,1.0,1.0,1.0,1.0,1.0,1.0,1.0,1.0,1.0,1.0,1.0,1.0,1.0,14,0.8,KEEP
opp_three_pt_attempt_rate,non_zero,1.0,1.0,1.0,1.0,1.0,1.0,1.0,1.0,1.0,1.0,1.0,1.0,1.0,1.0,1.0,1.0,1.0,1.0,1.0,14,0.8,KEEP
conference_adj_em,non_zero,1.0,1.0,1.0,1.0,1.0,1.0,1.0,1.0,1.0,1.0,1.0,1.0,1.0,1.0,1.0,1.0,1.0,1.0,1.0,14,0.8,KEEP
three_pt_pct,non_zero,1.0,1.0,1.0,1.0,1.0,1.0,1.0,1.0,1.0,1.0,1.0,1.0,1.0,1.0,1.0,1.0,1.0,1.0,1.0,14,0.8,KEEP
three_pt_rate,non_zero,1.0,1.0,1.0,1.0,1.0,1.0,1.0,1.0,1.0,1.0,1.0,1.0,1.0,1.0,1.0,1.0,1.0,1.0,1.0,14,0.8,KEEP
def_xp_per_poss,non_zero,1.0,1.0,1.0,1.0,1.0,1.0,1.0,1.0,1.0,1.0,1.0,1.0,1.0,1.0,1.0,1.0,1.0,1.0,1.0,14,0.8,KEEP
win_pct,non_zero,0.8926,0.9573,0.8898,0.937,0.9262,0.8871,0.8855,0.8667,0.8881,0.8843,0.8321,0.8672,0.9339,0.8943,0.8871,0.8779,0.8507,0.8672,0.882,14,0.8,KEEP
elite_sos,non_zero,0.0083,0.0,0.0,0.0,0.0,0.0,0.0076,0.0,0.0373,0.0,0.0076,0.0,0.1405,0.0325,0.0,0.0,0.0,0.0,0.0161,14,0.8,CUT
q1_win_pct,non_zero,0.1488,0.0,0.0,0.0,0.0,0.0,0.0611,0.0741,0.097,0.0165,0.0,0.0,0.1736,0.0244,0.0323,0.0,0.0,0.0,0.0342,14,0.8,CUT
foul_rate,non_zero,0.0,0.0,0.0,0.0,0.0,0.0,0.0,0.0,0.0,0.0,0.0,0.0,0.0,0.0,0.0,0.0,0.0,0.0,0.0,14,0.8,CUT
three_pt_regression,non_zero,1.0,1.0,1.0,1.0,1.0,1.0,1.0,1.0,1.0,1.0,1.0,1.0,1.0,1.0,1.0,1.0,1.0,0.9922,0.9994,14,0.8,KEEP
rest_days,non_zero,1.0,1.0,1.0,1.0,1.0,1.0,1.0,1.0,1.0,1.0,1.0,1.0,1.0,1.0,1.0,1.0,1.0,1.0,1.0,14,0.8,KEEP
top5_minutes_share,non_zero,1.0,1.0,1.0,1.0,1.0,1.0,1.0,1.0,0.9701,1.0,1.0,1.0,1.0,1.0,1.0,1.0,1.0,1.0,0.9979,14,0.8,KEEP
preseason_ap_rank,non_default_0_25,0.0,0.0,0.0,0.0,0.0,0.0,0.0,0.0,0.0,0.0,0.0,0.0,0.0,0.0,0.0,0.0,0.0,0.0,0.0,14,0.8,CUT
coach_tournament_exp,non_zero,0.0,0.0,0.0,0.0,0.0,0.0,0.0,0.0,0.0,0.0,0.0,0.0,0.0,0.0,0.0,0.0,0.0,0.0,0.0,14,0.8,CUT
coach_tournament_win_rate,non_zero,0.0,0.0,0.0,0.0,0.0,0.0,0.0,0.0,0.0,0.0,0.0,0.0,0.0,0.0,0.0,0.0,0.0,0.0,0.0,14,0.8,CUT
coach_postseason_score,non_zero,0.0,0.0,0.0,0.0,0.0,0.0,0.0,0.0,0.0,0.0,0.0,0.0,0.0,0.0,0.0,0.0,0.0,0.0,0.0,14,0.8,CUT
pagerank_sos,non_zero,0.0,0.0,0.0,0.0,0.0,0.0,0.0,0.0,0.0,0.0,0.0,0.0,0.0,0.0,0.0,0.0,0.0,0.0,0.0,14,0.8,CUT
multi_hop_sos,non_zero,0.0,0.0,0.0,0.0,0.0,0.0,0.0,0.0,0.0,0.0,0.0,0.0,0.0,0.0,0.0,0.0,0.0,0.0,0.0,14,0.8,CUT
best_win_percentile,non_zero,0.0,0.0,0.0,0.0,0.0,0.0,0.0,0.0,0.0,0.0,0.0,0.0,0.0,0.0,0.0,0.0,0.0,0.0,0.0,14,0.8,CUT
paper_tiger_score,non_zero,0.0,0.0,0.0,0.0,0.0,0.0,0.0,0.0,0.0,0.0,0.0,0.0,0.0,0.0,0.0,0.0,0.0,0.0,0.0,14,0.8,CUT
dominance_ratio,non_zero,0.0,0.0,0.0,0.0,0.0,0.0,0.0,0.0,0.0,0.0,0.0,0.0,0.0,0.0,0.0,0.0,0.0,0.0,0.0,14,0.8,CUT
pace_variance,non_zero,1.0,1.0,1.0,1.0,1.0,1.0,1.0,1.0,1.0,1.0,1.0,1.0,1.0,1.0,1.0,1.0,1.0,1.0,1.0,14,0.8,KEEP
conf_tourney_champ,non_zero,0.0,0.0,0.0,0.0,0.0,0.0,0.0,0.0,0.0,0.0,0.0,0.0,0.0,0.0,0.0,0.0,0.0,0.0,0.0,14,0.8,CUT
neutral_site_win_pct,non_zero,1.0,1.0,1.0,1.0,1.0,1.0,1.0,1.0,1.0,1.0,1.0,1.0,1.0,1.0,1.0,1.0,1.0,1.0,1.0,14,0.8,KEEP
home_court_dependence,non_zero,0.0,0.0,0.0,0.0,0.0,0.0,0.0,0.0,0.0,0.0,0.0,0.0,0.0,0.0,0.0,0.0,0.0,0.0,0.0,14,0.8,CUT
tournament_resume,non_zero,1.0,1.0,1.0,1.0,1.0,1.0,1.0,1.0,1.0,1.0,1.0,1.0,1.0,1.0,1.0,1.0,1.0,1.0,1.0,14,0.8,KEEP
backcourt_rapm,non_zero,0.9008,0.9573,0.8898,0.937,0.9344,0.8871,0.9008,0.8741,0.8582,0.9091,0.8855,0.8906,0.9339,0.9106,0.9032,0.8931,0.8657,0.8828,0.8949,14,0.8,KEEP
frontcourt_rapm,non_zero,0.9008,0.9573,0.8898,0.937,0.9262,0.8871,0.9008,0.8741,0.8582,0.9091,0.8855,0.8906,0.9339,0.9187,0.8952,0.8855,0.8657,0.8828,0.8938,14,0.8,KEEP
external_rating_composite,non_nan,0.1653,0.1282,0.126,0.1417,0.1639,0.1371,0.1679,0.1259,0.1493,0.1488,0.1603,0.1406,0.1736,0.187,0.2339,0.2061,0.194,0.1484,0.1669,14,0.8,CUT
external_rating_spread,non_nan,0.0,0.0,0.0,0.0,0.0,0.0,0.0,0.0,0.0,0.0,0.0,0.0,0.0,0.0,0.0,0.0,0.0,0.0,0.0,14,0.8,CUT
seed_strength,non_zero,1.0,1.0,1.0,1.0,1.0,1.0,1.0,1.0,1.0,1.0,1.0,1.0,1.0,1.0,1.0,1.0,1.0,1.0,1.0,14,0.8,KEEP
massey_pom,non_nan,0.1653,0.1282,0.126,0.1417,0.1639,0.1371,0.1679,0.1259,0.1493,0.1488,0.1603,0.1406,0.1736,0.187,0.2339,0.2061,0.194,0.1484,0.1669,14,0.8,CUT
massey_sag,non_nan,0.1653,0.1282,0.126,0.1417,0.1639,0.1371,0.1679,0.1259,0.1493,0.1488,0.1603,0.1406,0.1736,0.187,0.2339,0.0,0.0,0.0,0.1277,14,0.8,CUT
massey_mor,non_nan,0.1653,0.1282,0.126,0.1417,0.1639,0.1371,0.1679,0.1259,0.1493,0.1488,0.1603,0.1406,0.1736,0.187,0.2339,0.2061,0.194,0.1484,0.1669,14,0.8,CUT
massey_dol,non_nan,0.1653,0.1282,0.126,0.1417,0.1639,0.1371,0.1679,0.1259,0.1493,0.1488,0.1603,0.1406,0.1736,0.187,0.2339,0.2061,0.194,0.1484,0.1669,14,0.8,CUT
massey_col,non_nan,0.1653,0.1282,0.126,0.1417,0.1639,0.1371,0.1679,0.1259,0.1493,0.1488,0.1603,0.1406,0.1736,0.187,0.2339,0.2061,0.194,0.1484,0.1669,14,0.8,CUT
massey_wol,non_nan,0.1653,0.1282,0.126,0.1417,0.1639,0.1371,0.1679,0.1259,0.1493,0.1488,0.1603,0.1406,0.0,0.187,0.2339,0.2061,0.194,0.1484,0.1545,14,0.8,CUT
massey_rth,non_nan,0.1653,0.1282,0.126,0.1417,0.1639,0.1371,0.1679,0.1259,0.1493,0.1488,0.1603,0.1406,0.0,0.187,0.2339,0.2061,0.194,0.1484,0.1545,14,0.8,CUT
massey_ap,non_nan,0.0,0.0,0.0,0.0,0.0,0.0,0.0,0.0,0.0,0.0,0.0,0.0,0.0,0.0,0.0,0.0,0.0,0.0,0.0,14,0.8,CUT
massey_usa,non_nan,0.0,0.0,0.0,0.0,0.0,0.0,0.0,0.0,0.0,0.0,0.0,0.0,0.0,0.0,0.0,0.0,0.0,0.0,0.0,14,0.8,CUT
massey_rpi,non_nan,0.1653,0.1282,0.126,0.1417,0.1639,0.1371,0.1679,0.1259,0.1493,0.1488,0.1603,0.0,0.0,0.0,0.2339,0.2061,0.194,0.1484,0.1311,14,0.8,CUT
massey_rank_mean,non_nan,0.1653,0.1282,0.126,0.1417,0.1639,0.1371,0.1679,0.1259,0.1493,0.1488,0.1603,0.1406,0.1736,0.187,0.2339,0.2061,0.194,0.1484,0.1669,14,0.8,CUT
massey_rank_std,non_nan,0.1653,0.1282,0.126,0.1417,0.1639,0.1371,0.1679,0.1259,0.1493,0.1488,0.1603,0.1406,0.1736,0.187,0.2339,0.2061,0.194,0.1484,0.1669,14,0.8,CUT
